id;Nom;Prenom;Ville;Age;Salaire;Ville_rattach;Cursus_rattach
100;Rowe;Kennedy;Burlington;37;€3 680;Rennes;DSP
101;Rhodes;Connor;Villa Alemana;43;€2 815;Rennes;DSP
102;Andrews;Mallory;New Galloway;61;€3 394;Nantes;HIS
103;Lynch;Kieran;Malonne;35;€3 546;Rennes;SCI
104;Keith;Jared;El Quisco;52;€4 458;Nantes;SCI
105;Cash;Ria;Bazel;57;€4 310;Saint-Nazaire;DSP
106;Bartlett;Deacon;Rodez;51;€4 468;Saint-Nazaire;DSP
107;Spencer;Kim;Fontenoille;60;€2 897;Saint-Nazaire;DSP
108;Hawkins;Lila;Aiseau-Presles;42;€4 307;Saint-Nazaire;LNG
109;Delacruz;Knox;Blairgowrie;53;€4 376;Nantes;HIS
110;Bowman;Hilda;Schwäbisch Gmünd;51;€2 545;Saint-Nazaire;HIS
111;English;August;Saint-Nazaire;54;€2 657;Nantes;LET
112;Carr;Martena;Fairbanks;58;€2 550;Saint-Nazaire;LNG
113;Lane;Aiko;Lakewood;45;€3 002;Nantes;SCI
114;Baker;Galena;Poggio Berni;65;€3 804;Rennes;HIS
115;Curtis;Reuben;Ransart;65;€3 915;Nantes;DSP
116;Glover;Richard;Liers;39;€3 227;Nantes;DSP
117;Mcgowan;Cassidy;Serik;63;€2 589;Saint-Nazaire;LNG
118;Dominguez;Martha;Hallein;50;€2 820;Nantes;MED
119;Frye;Judith;Senneville;37;€4 311;Saint-Nazaire;LNG
120;Lott;Jenna;Glossop;35;€3 844;Nantes;LNG
121;Savage;Sopoline;Düsseldorf;40;€2 982;Rennes;LNG
122;Whitley;Aurelia;Buxton;37;€4 305;Nantes;HIS
123;Rivera;Chaney;Aurora;41;€3 496;Rennes;DSP
124;Bullock;Roth;Toruń;53;€3 443;Saint-Nazaire;SCI
125;Langley;Zenaida;Eisenstadt;45;€3 765;Nantes;MED
126;Washington;Taylor;Cappelle sul Tavo;36;€2 858;Saint-Nazaire;MED
127;Conway;Marsden;Fratta Todina;64;€3 034;Saint-Nazaire;DSP
128;Benjamin;Delilah;Mercedes;54;€2 826;Rennes;SCI
129;Jenkins;Vernon;Dordrecht;47;€3 073;Saint-Nazaire;MED
130;Benson;Quinn;Judenburg;51;€4 312;Saint-Nazaire;MED
131;Poole;Zenaida;Ajax;59;€3 991;Rennes;DSP
132;Fischer;Oprah;Saint-Vincent;61;€4 313;Nantes;SCI
133;Foreman;Leroy;Kaiserslauter;54;€3 158;Saint-Nazaire;LET
134;Burnett;Kaden;Pironchamps;58;€3 948;Nantes;DSP
135;Wilkerson;Colby;Goderich;55;€3 603;Rennes;LNG
136;Elliott;Sonia;Grandrieu;57;€3 584;Nantes;LET
137;Zimmerman;Garrison;Ingraj Bazar;40;€2 701;Saint-Nazaire;DSP
138;Frost;Rowan;Gaasbeek;42;€3 960;Saint-Nazaire;MED
139;Mccray;Judith;Tropea;60;€4 389;Rennes;DSP
140;Sanchez;Octavia;Junagadh;61;€3 616;Nantes;HIS
141;Marquez;Herrod;Madison;48;€2 513;Saint-Nazaire;SCI
142;Rosa;Thane;Franeker;51;€2 886;Nantes;LNG
143;Beasley;Kadeem;Sint-Pieters-Woluwe;59;€2 779;Saint-Nazaire;SCI
144;Harrison;Jena;Lowestoft;41;€4 469;Saint-Nazaire;LET
145;Chase;Christian;Fernie;36;€2 653;Saint-Nazaire;SCI
146;Stokes;Vance;Kawartha Lakes;64;€3 414;Saint-Nazaire;DSP
147;Adams;Abigail;Gravelbourg;46;€3 967;Nantes;DSP
148;Freeman;Morgan;Birkenhead;58;€2 812;Rennes;MED
149;Shannon;Lana;Erie;40;€3 234;Saint-Nazaire;SCI
150;Valenzuela;Quinlan;Portico e San Benedetto;47;€3 966;Rennes;HIS
151;Cummings;Jemima;Whakatane;52;€3 003;Rennes;MED
152;Joyce;Nora;Kuringen;53;€3 448;Rennes;MED
153;Mills;Clayton;Quinte West;50;€4 211;Nantes;HIS
154;Baldwin;Donovan;Potsdam;44;€3 768;Saint-Nazaire;MED
155;Raymond;Raphael;Karnal;58;€3 442;Saint-Nazaire;MED
156;Herrera;Kyle;Tongue;40;€3 806;Nantes;LET
157;Mcfarland;Faith;La Magdeleine;64;€3 328;Rennes;HIS
158;Randall;Castor;Owensboro;54;€2 743;Nantes;MED
159;Barnes;Seth;Nanaimo;49;€3 746;Nantes;LNG
160;Chandler;Sylvester;Chandler;40;€3 426;Saint-Nazaire;LET
161;Harper;Jasmine;Puqueldón;61;€4 037;Saint-Nazaire;HIS
162;Castillo;Brynne;Evere;45;€4 479;Nantes;LNG
163;Kaufman;Zenaida;Heusden;49;€2 590;Rennes;MED
164;Murphy;Keane;Santa Flavia;44;€3 764;Nantes;LET
165;Bridges;Lydia;Nederhasselt;44;€2 696;Rennes;SCI
166;Goodman;Walker;Balurghat;59;€2 766;Saint-Nazaire;LET
167;Landry;Norman;Notre-Dame-de-la-Salette;49;€2 761;Nantes;SCI
168;Pierce;Channing;Cantley;41;€3 317;Nantes;LET
169;Duke;Jonas;Whyalla;44;€2 651;Saint-Nazaire;MED
170;Lucas;Aileen;Chiavari;48;€3 794;Nantes;SCI
171;Maldonado;Demetrius;Newark;56;€3 819;Nantes;HIS
172;Downs;Callum;Kolhapur;57;€3 022;Nantes;HIS
173;Conley;Gisela;Schore;37;€3 887;Nantes;DSP
174;Mccullough;Hadassah;Jundiaí;65;€2 905;Nantes;DSP
175;Williamson;Olga;Burntisland;43;€3 972;Saint-Nazaire;LNG
176;Ayers;Abdul;Marcq-en-Baroeul;56;€3 165;Saint-Nazaire;MED
177;Watson;Gavin;La Rochelle;43;€2 863;Saint-Nazaire;LNG
178;Wilkinson;Gannon;Basirhat;35;€3 042;Rennes;SCI
179;Townsend;Brennan;Nobressart;50;€3 653;Rennes;DSP
180;Foster;Alfonso;Jamoigne;58;€3 617;Nantes;LNG
181;Gordon;Nathan;Kamalia;62;€3 903;Rennes;MED
182;Frost;Dana;La Cisterna;51;€3 474;Nantes;HIS
183;Peters;Palmer;Tulita;39;€3 186;Rennes;SCI
184;Bray;Chadwick;Wilhelmshaven;50;€4 109;Nantes;SCI
185;Lindsay;Ursa;Jolanda di Savoia;39;€2 981;Rennes;DSP
186;Thornton;Allegra;Kampenhout;61;€4 236;Saint-Nazaire;DSP
187;Parrish;Kenyon;Potsdam;43;€2 632;Saint-Nazaire;MED
188;Coleman;Shafira;Jupille-sur-Meuse;50;€4 496;Rennes;SCI
189;Church;Sylvester;Almería;38;€3 177;Nantes;LNG
190;Conrad;Jameson;Oviedo;62;€3 787;Rennes;LNG
191;Pope;Eagan;Blumenau;62;€3 408;Rennes;HIS
192;Madden;Yvette;Eastbourne;52;€4 455;Nantes;LNG
193;Blanchard;Juliet;Castle Douglas;46;€4 191;Nantes;HIS
194;Baird;Brenda;Castel Ritaldi;37;€2 881;Rennes;LNG
195;Barnes;Tara;Rio Saliceto;56;€2 586;Nantes;SCI
196;Holman;Lesley;Fiumara;47;€3 917;Saint-Nazaire;LNG
197;Kramer;Nola;Cote-Saint-Luc;38;€4 299;Nantes;DSP
198;Mcfarland;Eugenia;Remscheid;60;€4 326;Saint-Nazaire;SCI
199;Anderson;Ella;Lansing;44;€3 946;Rennes;DSP